rubric,host_name,organization_name
Новостройки,italian-quartal.com,"Итальянский квартал, жилой комплекс, ООО ИНСИГМА ДЕВЕЛОПМЕНТ"
Оценка собственности,0-cenka.ru,0-ценка.ру
Детская одежда,0-childrens-store.business.site,"0+, детский магазин"
Безалкогольные напитки,0-drink.store,"0-drink.store, интернет-магазин"
Автомобили,0.bnmotors.ru,
Лифты,0.lift.ru,
Входные двери,00-23.ru,"Дизайнерские двери, ООО, магазин входных и межкомнатных дверей"
Нотариальные услуги,000119.ru,Нотариус Якушенко Е.А.
Электрические транспортные средства,000store.ru,"000store, магазин"
Обучение по охране труда,000visma.ru,"ВИСМА, учебный центр"
Нотариальные услуги,00100011.notary.ru,Нотариус Глуховченко Л.И.
Строительство дач / коттеджей,001k.ru,Кирпичный завод
Косметика / Парфюмерия,001ru.ru,"Сувенирика, оптовый интернет-магазин"
Школы-интернаты,001spb.edusite.ru,"Школа-интернат №1, Выборгский район"
Товары для праздничного оформления / организации праздников,003-0003.ru,"ВСЕ ДЛЯ ПРАЗДНИКА, магазин фейерверков"
Стоматологические центры,003-stom.ru,"Здоровье, стоматологическая клиника"
Справочно-информационные услуги,003.ms,"Справмедика, справочная аптек и медицинских услуг"
Справочно-информационные услуги,003.su,"Интернет-аптека 003, справочная"
Аптеки,003ms.ru,"Здравушка, ООО, аптека"
Аптеки,003rt.ru,"Таттехмедфарм, ГУП, сеть аптек"
Бытовая техника,004.ru,"004.ru, интернет-магазин бытовой техники"
Системы безопасности и охраны,007.ru,"Шпионские штучки, магазин"
Страхование,00724.овнд.рф,Регион-Автоцентр
Юридические услуги,007advokat.ru,Адвокатский кабинет Мякинькова Е.Г.
Авиабилеты,007bilet.ru,"Сервис 007, компания по продаже билетов"
Копировальные услуги,007copy.ru,"007, сеть копировальных центров"
Агентства недвижимости,007dom.ru,"КРЕДО, агентство недвижимости"
Агентства недвижимости,007ex.com,
Ремонт / отделка помещений,007spb.ru,"007, единый центр услуг"
Автозапчасти для иномарок,007zap.ru,"007zap, магазин автозапчастей"
Парикмахерские,008.ru,"Фея, салон красоты"
Сувениры,008ru.ru,Букет подарков
Справочно-информационные услуги,009.am,Аптечная справочная Сибири
Товары для охоты,009.ru,"009.ru, интернет-магазин"
Справочно-информационные услуги,009.рф,"009.рф, онлайн-справочная наличия и цен лекарств в аптеках"
Пункты технического осмотра транспорта,00944.umax.ru,"Авто-М, ООО, пункт технического осмотра"
Дизайн рекламы,00am.ru,"Ваше время, компания"
Оборудование для салонов красоты,00rf.ru,"Веста-север, ООО, торговая компания"
Спецодежда / Средства индивидуальной защиты,01-36.ru,Сеть магазинов спецодежды
Противопожарное оборудование / инвентарь,01-bezopasnost.ru,"Ваша пожарная безопасность, компания"
Системы перегородок,01-fire.ru,"БрандМастер, производственная компания"
Огнезащитные материалы,01-info.ru,"Дефенс, торговый дом"
Противопожарное оборудование / инвентарь,01-kras.ru,Bismarck
Противопожарное оборудование / инвентарь,01-msk.ru,01 Мск
Автошколы,01-region.ru,"01 Регион, автошкола"
Противопожарное оборудование / инвентарь,01-serv.ru,"01-сервис, ООО, торгово-сервисная компания"
Новостройки,01.01.2022&utm_term=d010,"Дом Достижение, ООО Специализированный Застройщик Академика Королева"
Новостройки,01.04.2022&utm_term=cp010,"Чистые пруды, жилой комплекс, ООО Смайнэкс"
Противопожарное оборудование / инвентарь,01.com.kz,"Мошеях, ООО, торговый дом"
Федеральные службы,01.fsin.gov.ru,Управление ФСИН России по Республике Адыгея
Исправительные учреждения,01.fsin.su,Женская колония
Бюро медико-социальной экспертизы,01.gbmse.ru,Главное бюро медико-социальной экспертизы по Республике Адыгея
Отделения полиции,01.mvd.ru,Участковый пункт полиции
Федеральные службы,01.rospotrebnadzor.ru,Управление Роспотребнадзора по Республике Адыгея
Системы отопления / водоснабжения / канализации,01.vgs.ru,"Энергоконтроль, ООО, торговая компания"
Главное управление по вопросам миграции МВД РФ,01.мвд.рф,Отдел Федеральной миграционной службы по Республике Адыгея
Дизайн рекламы,0101production.com,"0101 production, студия моушен-дизайна"
Продажа программного обеспечения,0137.kontur-partner.ru,"Контур 56, ООО"
Авторемонт и техобслуживание (СТО),01399.to96.su,"Калиновский, автотехцентр"
Центры подключения водителей,0152.рф,"0152, центр подключения водителей"
Нанесение изображений на сувениры,0153.ru,"0153, рекламное агентство"
Нотариальные услуги,01600249.notary.ru,Нотариус Греков М.Л.
Жилищно-коммунальные услуги,0163.kvado.ru,"На Краснодонской, ТСЖ"
Нотариальные услуги,01700031.notary.ru,Нотариус Попова Т.В.
Сертификация,018.gketerra.ru,"Е-терра плюс, ООО, центр сертификации товаров и услуг, и декларирования продукции"
Нотариальные услуги,01800038.notary.ru,Нотариус Раев В.В.
Нотариальные услуги,01900097.notary.ru,Нотариус Мулло Е.Е.
Художественные мастерские,01art.ru,"Комфорт-Дизайн, багетная мастерская"
Пожарная безопасность,01audit.ru,01audit
Бухгалтерские услуги,01balans.ru,"Бухгалтерия без проблем, аутсорсинговая компания"
Спортивный инвентарь,01bike.ru,"ВелоЦентр ЮграСпорт, специализированный магазин"
Дизайн рекламы,01cat.ru,"Двоичный кот, диджитал-студия"
Сухие строительные смеси,01dom.ru,"Первый Дом, компания"
Агентства недвижимости,01e.ru,"1Е, агентство недвижимости"
Системы безопасности и охраны,01etalon.ru,"Эталон ДВ, ООО"
Юридические услуги,01exp.ru,"Судебно-экспертная коллегия, АНО"
Автошколы,01garant.ru,Автошкола Гарант
Пожарная безопасность,01group-kem.ru,"01 Групп, ООО, компания"
Парикмахерские,marinastylist.ru,"Marina Stylist"
Системы безопасности и охраны,01kuban.ru,"Кронос, ООО"
Противопожарное оборудование / инвентарь,01ltd.ru,"Феникс, ООО, компания"
Монтаж охранно-пожарных систем,01master.ru,"Пожарный мастер, торгово-монтажная фирма"
Системы безопасности и охраны,01mchs.ru,"1000 пожарных мелочей, ООО, торгово-монтажная компания"
Корпусная мебель,01mebel.ru,"Арида, дом эксклюзивной мебели"
Противопожарное оборудование / инвентарь,01mos.ru,"01mos, компания"
Системы перегородок,01ognezashita.ru,"01 Огнезащита, ООО, торгово-монтажная компания"
Оценка собственности,01ok.ru,"Первая оценочная, ООО"
Системы безопасности и охраны,01ops.ru,"Защита, ООО, группа компаний"
Монтаж охранно-пожарных систем,01pb.ru,"Первое Пожарное Бюро, ООО"
Парикмахерские,trosani-b.ru,"Салон красоты Trosani"
Пожарная безопасность,01proekt.ru,"Пожарная безопасность и строительство 21 век, группа компаний"
Монтаж охранно-пожарных систем,01psc.ru,"Пожарный специализированный центр, монтажная компания"
Системы безопасности и охраны,01rb.ru,Пожарный магазин
Федеральные службы,01reg.roszdravnadzor.ru,Федеральная служба по надзору в сфере здравоохранения по Республике Адыгея
Парикмахерские,masters-masters.ru,Мастерс
Разработка / поддержка / продвижение web-сайтов,01rm.ru,"Impulse marketing, маркетинговая компания"
Монтаж охранно-пожарных систем,01service.spb.ru,Санкт-Петербургский пожарно-технический экспертный центр
Спортивный инвентарь,01sport.ru,"01Спорт, интернет-магазин"
Антикоррозийная обработка металлоконструкций,01spp.ru,"Вт, инновационный сервисный центр"
Пожарная безопасность,01tb.ru,"Традиции безопасности, ООО, компания"
